,likes,comments
0,0,Time travel to 1960 with @preservationclassics #ferrari #250gt #pininfarina #v12
1,0,"Original ğŸ‘†or edit ğŸ‘‡?
â€¢ 
â€¢ 
â€¢ 
â€¢ 
â€¢ 
#supercar #gtr #nissan #nismo #turbo #speed #supercars #amazingcars247 #supra #sportscar #exoticcar #jdm #hypercar #r35 #carporn #itswhitenoise #2jz #jdmgram #drift #autogespot #race #r34 #exotic #sti #carinstagram #ferrari #carswithoutlimits #fast #toyota #sportscars"
2,1,"Left or right? 

Follow @porschedemic 

Via @911.turbos 
#911carrera #911turbo #gt3 #gt3rs #porsche997 #porschegt2rs #porschegt3rs #porschelovers #porscheracing #porsches #porsche911 #carreragt #cars #porsche991 #porschespeedster #speedster #porschegt3 #porschelife #porschemoment #porschepanamera #supercar #carporn #carsinstagram #carsofinsta #carstagram #gt2rs #porsche #lamborghini #ferrari #lamborghiniaventador"
3,0,"#MobileMike @FerrariftLauderdale @thevogels
@ferrari ferrariwomensclub @garretthayim It was an honor and a privilege to be part of the unveiling of new #Ferrari #Portofino"
4,1,"Looking good ğŸ¤¤
â–â–â–â–â–â–
Follow @claxcr7 
Follow @claxcr7 
Follow @claxcr7 
â–â–â–â–â–â–
#carporn #coolcars #lamborghini #luxury #nissan #mclaren #mercedes #jdm #automotive #auto #racing #supercars #supercar #toyota #photography #pangani #porsche #keonigsegg #ford #ferrari #keonigsegg #sexycar #buggati #bmw #drifting #catlife #carfacts"
5,0,"@gordongram and his Laferrari 
#Laferrari #Grey #GordanRamsay #Billionaires #Ferrari #FerrariBoyz #FerrariFriday"
6,2,"Lamborghini ĞºĞ¾Ğ½ĞµÑ‡Ğ½Ğ¾ Ñ…Ğ¾Ñ€Ğ¾ÑˆĞ¾,Ğ½Ğ¾ Ferrari ĞµÑ‰Ñ‘ Ğ»ÑƒÑ‡ÑˆĞµ!#ferrari#portofino#italyğŸ‡®ğŸ‡¹"
7,0,#yamaha #motorcycle #kawasaki #bmw #cbr1000rr #suzuki #s1000rr #bikelife #honda #aprilia #sportbike #yamahar1 #biker #r1 #f1 #ferrari #cristiano #xxxtentacion #ktm #kawasakininja #valentinorossi #motorcycles #moto #hondacbr #skorskor12 #motor #bikes #car #r6 #ducati
8,8,"â¤ï¸ğŸŒº....
.
..
...
....
@kurd_car_2021 @kurd_car_2021 @kurd_car_2021 @kurd_car_2021 @kurd_car_2021 @kurd_car_2021 
....
...
..
.
â€â€ #car #cars #iraq #iran #usa #arab #kurdistan #kurd #duhok #hewler #slimani #kerkuk #zaxo #zakho #akre #erbil #bmwm #bmwe #audi #mercedes #bmwx #series #honda #bimmer #mpower #porsche #ferrari #toyotaavalon"
9,3,"â™¥ï¸
.
.
#autothrottle #cars #car #carsofinstagram #carporn #bmw #auto #carlifestyle #photography #s #supercars #ford #carswithoutlimits #automotive #jdm #instacar #audi #mercedes #turbo #porsche #carphotography #racing #ferrari #v #luxury #m #supercar #instacars #f #toyota"
10,0,"One Day im gonna get it... 

Decostaminati...

SivaslÄ±yÄ±kDedikYaGardaÅŸ....

KimseyeEyvAllahÄ±mÄ±zYok....

#ferrari #newmags #coffeetablebooks #decor #housedecor #house #styling #inspiration #books"
11,0,"Gordon Ramsayâ€™s $1.7m Ferrari Monza SP2. via: @tfjj 
#FerrariMonzaSP2 #Monza #SP2 #Black #GordanRamsay #Ferrari #FerrariBoyz #FerrariFriday @gordongram"
12,12,"blond baby lando... you know what? i canâ€™t do this no more ğŸ¤šğŸ»ğŸ—£*yelling*
. 
.
.
.
.
.
.
.
.
#f1 #formulaone #formula1 #lando #norris #landonorris #landonorris4 #mclaren #mclarenf1 #race #racing #keeppushing #maxverstapen #lewishamilton #ln4 #carlossainz #charlesleclerc #4 #2020season #2020 #ferrari #mercedes #redbullracing #f1meme #f1memes #maxverstapen33 #danielricciardo #seb5 #sebastianvettel #FansLikeNoOther"
13,0,"These Ferrari's are on point!ğŸ”¥

#supercarlifestyle #jdmnation #jdmcars #jdmgram #jdmculture #carsandcigarsashburn #saigonoutcast #ashburncarmeets #dmvcarmeets #dmvcars #dmvcarshows #nissangtr #r35gtr #carmeets #carenthusiasts #jdmstyle #jdmlegends #carlovers #carphotography #automotivephotography #mazda #ferrariclub #ferrari #jdmcarshow"
14,95,"Thank you all so much for the continued support - we really appreciate it! To have 40,000 people following our account is insane, and we will continue to provide the best F1 content to you guys. Onwards to the big 50K!

Please Donâ€™t Forget to Follow Us @f1wow â¤ï¸
#f1wow 
â€”â€”â€”â€”â€”â€”â€”â€”â€”â€”â€”â€”â€”â€”â€”â€”â€”â€”â€”â€”â€”â€”
Disclaimer: This is not an official account of F1, we are just fans! This page is unofficial and is not associated in any way with the Formula 1 companies. F1, FORMULA ONE, FORMULA 1, FIA FORMULA ONE WORLD CHAMPIONSHIP, GRAND PRIX and related marks are trade marks of Formula One Licensing B.V. Copyright Disclaimer under section 107 of the Copyright Act 1976, allowance is made for â€œfair useâ€ for purposes such as criticism, comment, news reporting, teaching, scholarship, education and research. Fair use is a use permitted by copyright statute that might otherwise be infringing. Non-profit, educational or personal use tips the balance in favor of fair use. What we are doing is not official, approved or endorsed by F1 or associated or connected with F1 in any way. We are being respectful to the FORMULA 1 Rights, and are not being unlawful, deceptive, obscene, harmful or disparaging. Our content gives credit to the actual source, and is simply a repost, it does not create/have any unauthorised official association with the Formula 1 companies or FIA FORMULA ONE WORLD CHAMPIONSHIP, in any way. We do not use official FORMULA 1 content for clickbait purposes to promote commercial offers, promotions or activities either related or unrelated to the FORMULA 1 events, or to build traffic and/or following to a website and/or social profiles in order to sell goods or services, and we are genuinely providing a service for fellow fans to engage in and enjoy. We are using the official word marks to inform, not to brand.
â€”â€”â€”â€”â€”â€”â€”â€”â€”â€”â€”â€”â€”â€”â€”â€”â€”â€”â€”â€”â€”â€”
#f1 #f1memes #formula1 #mercedes #mercedesamgf1 #ferrari  #mclaren #astonmartin #redbullracing #williams #haas #alphatauri #lewishamilton #bottas #f1humor #f1memesig #f1jokes #vettel #maxverstappen1 #alonso #landonorris #ricciardo #kimiraikkonen #perez #schumacher #superleague #football"
15,4,"Porque simplemente somos aficionados y amantes de los motores, siguenos y activa las notificaciones para muchoÂ  mas contenido automotriz que esperas?( #CETEZVzlaMotors )( @cetezvzlamotors_ )

#venezuela #venezuelağŸ‡»ğŸ‡ª #eldividive #sabanademendoza #valeratrujillo #valeracity #caracas #aragua #carabobo #lara #zulia #automovilismo #race #cars #carlife #racing #tuning #carlife #turbo #turbocar #jdm #jdmculture #supercars #musclecar #carsandgirls #carstagram #nissan #nissanskyline #ferrari #ferrariportofino"
16,39,"Aston Martin Zagato ğŸ˜
via: @luxurybulls

Is this your favorite Aston Martin? 

By: @mateo.r.photography, @luxurylifestylemagazine"
17,0,"#MobileMike @FerrariftLauderdale @thevogels
@ferrari ferrariwomensclub @garretthayim It was an honor and a privilege to be part of the unveiling of new #Ferrari #Portofino"
18,6,"âšœRwb.
âœ”Follow us @hypercarsinsta for more content.
.

.

.
#hypercar #car #supercars #carsofinstagram #carphotography #carporn #carlovers #cars #carlifestyle #hypercars #bugatti #ferrari #lamborghini #mclaren #koenigsegg #pagani #porsche #mercedes #audi #tesla #supercar #rich #fast #lifestyle #life"
19,1,"Grey Audi RS6 2020
.
.
.
.
.
.
.
.
.
â–@gmk001
â–@audi_a6_s6_rs6
â–@thers6family
â–@rs6.r
â–@abt_fans
â–@abt_sportsline
â–@elmervanzyl
â–@audi_rs_club
â–@camp_allroad
â–@audi.rs6nardo
â–@carogoesrs6
â–@vlh007
â–@audirms6
â–@dutch_abt
â–@gerickmouton
â–@adin_rs6 â–@oscar_rs6_performance
.
.
.
#rs6 #rs6avant #rs6abt #audi #rs6c7 #rs6c8 #audisport #audiquattro #abt #audirs #audirs6avant #rs #rs1 #rs2 #rs3 #rs4 #rs5 #rs6 #rs7 #porsche #koenigsegg #lamborghini #pagani #ferrari #911 #458 #huracan #zonda"
20,0,"A different kind of preparation for our funny guys today ğŸ˜‚â¤

#Charles16 #Carlos55 #ScuderiaFerrari #F1 #Ferrari #FerrariFamily #EssereFerrariğŸ”´"
21,38,"ğŸ´ Dodge Challenger R/T ğŸ´
â–â–â–â–â–â–â–â–â–â–â–â–â–â–â–â–â–â–â–â–
ğŸ“· @adgraphics_na @moemodz
â–â–â–â–â–â–â–â–â–â–â–â–â–â–â–â–â–â–â–â–
#cars #bmw #ferrari #mercedes #car #carspotters #jaguar #porsche  #bentley #koenigsegg #lykanhypersport #audi #astonmartin #rollsroyce #rangerover #landrover #tesla #maserati #lexus #liveupload #worldofexoticscars #motorgridmembe ğŸ‡§ğŸ‡·
â–â–â–â–â–â–â–â–â–â–â–â–â–â–â–â–â–â–â–â–"
22,7,Airport pulls in the 458 is so fly âœˆï¸ ğŸ“·: gm.bvw #ferrari458 #458 #458italia #ferrari #carphotography #ferrariclubofamerica #chicago #rossocorsa  #enzoferrari #pininfarina
23,0,"2 Foreigns via: @the_jodiejoe 
#Ferrari458 #458 #White #RoadstarMotorsport #Ferrari #FerrariBoyz #FerrariFriday"
24,5,#ferrari #sf90stradale
25,8,"âœ… DISPONÃVEL âœ…

ğŸš˜ BMW 120i Active Flex (F20)
â¡ï¸ Ano: 2015/2016
â¡ï¸ Quilometragem: 85.000 km
â¡ï¸ Azul com interior preto

â¡ï¸ Upgrades:
Remap Stg 2 Hard Performance - 260whp
Filtro K&N 
Difusor CAP 
Downpipe - Valentino performace 
Grade frontal em Black Piano
Almofadas M Sport

Motor 2.0 Turbo
Volante multifuncional
Computador de bordo
Bluetooth + CD + Radio + USB
Monitoramento de pressÃ£o dos pneus
Assistente de partida em rampa
Sistema Start Stop
Ajuste elÃ©trico dos retrovisores
Ar condicionado
DireÃ§Ã£o assistida
Ponteira dupla de escapamento
Controle de traÃ§Ã£o + Estabilidade
Freio ABS
Airbags
Alarme
Flex (Gasolina + Ãlcool)

ğŸ“ Carro em Campinas
ğŸ’¸ Valor: R$92.500

â–ƒâ–ƒâ–ƒâ–ƒâ–ƒâ–ƒâ–ƒâ–ƒâ–ƒâ–ƒâ–ƒâ–ƒâ–ƒâ–ƒâ–ƒâ–ƒâ–ƒâ–ƒâ–ƒâ–ƒ

ğŸ“© Contato para negociaÃ§Ã£o:
ğŸ“² (19) 99153-4569
â–ƒâ–ƒâ–ƒâ–ƒâ–ƒâ–ƒâ–ƒâ–ƒâ–ƒâ–ƒâ–ƒâ–ƒâ–ƒâ–ƒâ–ƒâ–ƒâ–ƒâ–ƒâ–ƒâ–ƒ

As informaÃ§Ãµes contidas neste anÃºncio sÃ£o de inteira responsabilidade do proprietÃ¡rio, bem como a procedÃªncia e negociaÃ§Ã£o do veiculo. #CONSULTINGECBR 
â–ƒâ–ƒâ–ƒâ–ƒâ–ƒâ–ƒâ–ƒâ–ƒâ–ƒâ–ƒâ–ƒâ–ƒâ–ƒâ–ƒâ–ƒâ–ƒâ–ƒâ–ƒâ–ƒâ–ƒ

#mclaren #bmw #dodge #audi #mercedes #corvette #porsche #ferrari #camaro #mustang #lamborghini #bentley #subaru #maserati #subaru #turbo #burnout #jdm #jogadelado #delado #motorgridmembers #liveupload"
26,1,"Ok, but it's so funny and cute ğŸ˜‚ğŸ˜‚ğŸ¥ºâ¤
Â°
Â°
Â°
Â°
Â°
Â°
Â°
Â°
Â°
Â°
@charles_leclerc
Â°
Â°
Â°
Â°
Â°
Â°
Â°
Â°
Â°
#Charlesleclerc #leclerc #drivetosurvive #leclerc16 #charles16 #cl16 #Ferrari #ScuderiaFerrari #essereferrari #F1 #Formulaone #Formula1 #formulauno #Forzaferrari #raceweek #teamleclerc #teamcharles #landonorris #forzacharles #charlesleclercğŸ‡²ğŸ‡¨ #f1driver #ferrariscuderia #prancinghorse #charlesleclerc16 #driver #likers #race #motorsport #f1memes #lewishamilton"
27,0,"#MobileMike @FerrariftLauderdale @thevogels
@ferrari ferrariwomensclub @garretthayim It was an honor and a privilege to be part of the unveiling of new #Ferrari #Portofino"
28,17,"Double tap for more horsepowerğŸ”¥
@supercars.luxu 
â€”â€”â€”â€”â€”â€”â€”â€”â€”â€”â€”â€”â€”â€”â€”â€”â€”â€”â€”â€”â€”â€”â€”â€”â€”â€”â€”
Follow @supercars.luxu 
Follow @supercars.luxu 
Follow @supercars.luxu 
â€”â€”â€”â€”â€”â€”â€”â€”â€”â€”â€”â€”â€”â€”â€”â€”â€”â€”â€”â€”â€”â€”â€”â€”â€”â€”â€”
ğŸ“¸ DM FOR CREDIT
â€”â€”â€”â€”â€”â€”â€”â€”â€”â€”â€”â€”â€”â€”â€”â€”â€”â€”â€”â€”â€”â€”â€”â€”â€”â€”â€”
#lovecars #supercar #lovecarsworldwide #carlovers #supercars #carloversclub #carloversdream #supercarspotting #supercarlifestyle #supercarlovers #supercarlife #supercarshow #supercarsoflondon #supercarclub #supercardaily #supercarage #supercargarage #millionairelifestyle #lamborghini #car #cars #lambo #lamborghinihuracan #lamborghinihuracanevo #lamborghinihuracaÌn #lamborghiniclub #lamborghinilover #ferrari #bugatti #bugattigrandtour"
29,4,"âŒš
âœ”AAA KALÄ°TE 
âœ”OTOMATÄ°K MEKANÄ°ZMA
âœ”SAFÄ°R CAM (Ã‡Ä°ZÄ°LMEZ)
âœ”SU GEÃ‡Ä°RMEZ,PASLANMAZ
âœ”Ä°Ã‡ MEKANÄ°ZMALARI AKTÄ°F
âœ”YÃœKSEK KALÄ°TE Ã‡ELÄ°K KASA
âœ”2 YIL GARANTÄ°LÄ° 
âœ”KUTULU ÃœRÃœN 
_________________________________

ğŸ“ªÃœCRETSÄ°Z KARGO
ğŸ¤ISTANBUL Ä°Ã‡Ä° ELDEN TESLÄ°M
_________________________________

FÄ°YAT VE BÄ°LGÄ° Ä°Ã‡Ä°N DM.ğŸ“²
WHATSAPP"" 05464848696
_________________________________

#moda #gÃ¼ndem #trend #saat #saatmodelleri #alÄ±ÅŸveriÅŸ #kalite #gÃ¼venÂ  #istanbul #turkey #koleksiyon #bmw #audi #mercedes #ferrari #araba #luxurylifestyle #luxuryâŒš #ankara #izmir #manisa #malatya #fenerbahÃ§e #galatasaray #besiktas #aÄŸrÄ± #trabzon #takÄ± #123go #win"
30,4,"That bone ainâ€™t gunna fetch itself. ğŸ¶ ğŸ¦´ 
â€¢
â€¢

#vacation #sidehustle #yacht #photooftheday #travel #ferrari #car #hotel #hotels #rich #millionaire #gentleman #home #cars #homes #houses #house #money #lamborghini #billionaire #motivation #motivationalquotes #motivational #dogmom #smallbusiness #business #hustle #grind #rich #pet #petsofinstagram"
31,9,ğŸŒ•
32,641,Shades of Miami Blue @lambr_0 #lamborghini #huracan #lamborghinihuracan
33,19,"â“RATE 1-10â“
.â €
Tag someone who needs to see thisğŸ‘‡ğŸ¥‚â €
.
Turn on post notifications to never miss out our content ğŸ””
.
Help our community by following @fastsupercars7 
-
CreditsğŸ“¸ @rdbvik
-
#huracan #lamborghinihuracan #lambo #lamborghini #exoticcar #lamb #luxury #luxurylife #la #dubai #luxlife #luxurycar #cars #bugatti #ferrari #carswithoutlimits #huracanperformante #mclaren #supercar #supercars #carlifestyle 
#cargram #carsofinstagram #hypercar #millionairesposts #corona"
34,1,"One Day im gonna get it... 

Decostaminati...

SivaslÄ±yÄ±kDedikYaGardaÅŸ....

KimseyeEyvAllahÄ±mÄ±zYok....

#ferrari #newmags #coffeetablebooks #decor #housedecor #house #styling #inspiration #books"
35,0,"Beverly Hills via: @mayahopehaider 
#FerrariF12 #F12 #Red #BeverlyHills #California #Ferrari #FerrariBoyz #FerrariFriday"
36,0,"Resultados GP del made in Italy E dellâ€™a Emilia Romagna 2021...
Vuelta rÃ¡pida: Lewis Hamilton 1:16.702
Gran carrera que nos confirma la igualdad entre Mercedes y Red Bull, y nos deja ansiosos esperando el GP de Portugal.
IncreÃ­ble carrera de Verstappen, de Norris, una recuperaciÃ³n formidable del campeÃ³n del mundo, Lewis Hamilton, y varios incidentes que marcaron esta carrera en el impresionante circuito de Imola.
.
.
.
.
.
#imola #imolagp #f1 #formula1 #mercedesamg #redbull #ferrari #mclaren #maxverstappen #verstappen #leclerc #bottas #checoperez #hamilton #lewishamilton #carlossainz #alonso #vettel #motorsport #f12021 #stroll #mazepin #schumacher #italy #granpremio"
37,22,"ğŸ @iconicfm 
.

#miami #miamivice #ferrari #tvseries #pop #80s
#synth #synthwave #synthpop #newwave #retrowave #newretrowave #retro #tonymontana #outrun #chill #vaporwave #vapourwave #vaporwaveart #vaporwaveaesthetic #vaporwaveaesthetics #vaporart #80sfashion #1980s #vintage #chillin #indie #eighties #80saesthetic #vicecity"
38,0,"@thenewclassic ğŸ’™
#iggyazalea #ferrari
...
.
.
.
.
.
#familyfar #familyfaroficial #tmwcoficial #tmwc #horus #horusfar"
39,5,"SOLD! Another amazing and happy referred client of @theperrygroupllc ğŸ™ğŸ¼ We cannot say it enough... The way you treat your clients and the experience that you provide, will really set you apart from others... and more will followğŸ™ğŸ¼

Thank you @ent_mgt for the opportunity to not only find you the exact car you wanted, but the opportunity to create an experience that you will rememberğŸ™ğŸ¼

www.theperrygroupllc.com

#theperrygroupllc
#ferrari 
#ferrari812 
#ferrarisuperfast 
#ferrari812superfast 
#coupe 
#exoticcars 
#luxury 
#luxurylifestyle 
#sold 
#repost"
40,0,"#MobileMike @FerrariftLauderdale @thevogels
@ferrari ferrariwomensclub @garretthayim It was an honor and a privilege to be part of the unveiling of new #Ferrari #Portofino"
41,3,"Ferrari 512bb
#ferrari #512bb 
#kensington"
42,2,"Sorry for not posting well be on it tomorrow but we still got admire my beauty â¤â¤ğŸ¤ğŸ½

#nissan #370z #explore #supercars #hypercars #fast #speed #luxurycars #lambo #lamborghini #ferrari"
43,1,"O que vocÃª faz para conservar a pintura do seu carro? ğŸ¤”â €â €
Quando um carro Ã© avaliado para venda, alÃ©m do motor e cÃ¢mbio, Ã© avaliado a condiÃ§Ã£o da pintura, se apresenta riscos ou qualquer mancha. JÃ¡ imaginou ter uma pintura conservada, impecÃ¡vel e sem defeitos? ğŸ‘‡â €â €
â €â €
ğŸ’O Ceramic Pro 9H cria uma camada protetora de 9H de dureza, em uma escala onde o diamante chega a 10H, um revestimento protetor de alta duraÃ§Ã£o que protege a pintura de seu veÃ­culo ou qualquer outra superfÃ­cie contra contaminantes que possam prejudicÃ¡-la.â €â €â €
â €â €â €
â˜‘ProteÃ§Ã£o permanenteâ €â €â €
â˜‘ResistÃªncia a arranhÃµesâ €â €â €
â˜‘Efeito super hidrofÃ³bicoâ €â €â €
â˜‘ResistÃªncia aos efeitos do clima e raios UVâ €â €â €
â˜‘ResistÃªncia tÃ©rmica (atÃ© 1200Â°c)â €â €â €
â˜‘Anti-grafiteâ €â €â €
â˜‘ResistÃªncia avanÃ§ada a produtos quÃ­micosâ €â €â €
â˜‘ResistÃªncia a oxidaÃ§Ã£o e corrosÃ£oâ €â €â €
â˜‘Acabamento de alto brilhoâ €â €â €
â €â €â €
ğŸ“±Agende agora mesmo se orÃ§amentoâ €â €â €
.â €
.â €
.â €
Absolut Nanotechnology, o seu especialista em Ceramic Pro em RibeirÃ£o Preto e regiÃ£o ğŸ˜‰â €
â €
ğŸ“ŒAv. Wladimir Meirelles Ferreira, 1766â €
â˜( 16) 3234-3630 ğŸ“² (16) 97401-6465â €
.â €
.â €
.â €
.â €
#ceramicpro #kavaca #kavacabrasil #porshe #ferrari #mercedezbenz #volvo #audi #bmw #ribeiraopreto #campinas #esteticaautomotiva"
44,3,"Our #ImolaGP ğŸ’šğŸ¤â¤

#ImolaGP #Charles16 #Carlos55 #ScuderiaFerrari #F1 #Ferrari #FerrariFamily #EssereFerrariğŸ”´"
45,1,"Ferrari Dino via: @pr.automotive 
#FerrariDino #Dink #Yellow #Italy #Paris #France #Ferrari #FerrariBoyz #FerrariFriday"
46,50,":
#Venda em AndamentoğŸ’«
â–ƒâ–ƒâ–ƒâ–ƒâ–ƒâ–ƒâ–ƒâ–ƒâ–ƒâ–ƒâ–ƒâ–ƒâ–ƒâ–ƒâ–ƒâ–ƒâ–ƒâ–ƒâ–ƒâ–ƒâ–ƒâ–ƒâ–ƒâ–ƒ
Mercedes C250 Sport c/ apenas 28mil km,
anunciada aqui @infinitcar,
jÃ¡ passando pelo laudo Cautelar a pedido
do nosso seguidor do Interior de SPâ€¨
+ 1 venda em Andamento ğŸš€
â–ƒâ–ƒâ–ƒâ–ƒâ–ƒâ–ƒâ–ƒâ–ƒâ–ƒâ–ƒâ–ƒâ–ƒâ–ƒâ–ƒâ–ƒâ–ƒâ–ƒâ–ƒâ–ƒâ–ƒâ–ƒâ–ƒâ–ƒâ–ƒ
âœ§Anuncie seu veÃ­culo Premium aqui na @Infinitcarâœ§
ğŸ“² 11 97355 9373
âœ¦NegÃ³cios 100 % Transparenteâœ¦
#infinitcar
Since 2015ğŸ’« on Instagram Â®ï¸
â–ƒâ–ƒâ–ƒâ–ƒâ–ƒâ–ƒâ–ƒâ–ƒâ–ƒâ–ƒâ–ƒâ–ƒâ–ƒâ–ƒâ–ƒâ–ƒâ–ƒâ–ƒâ–ƒâ–ƒâ–ƒâ–ƒâ–ƒâ–ƒ"
47,29,"Ayrton Senna driving his McLaren MP4/6 followed by his teammate Gerhard Berger in the rain during the 1991 Australian grand prix at Adelaide 
---------------------------------------------
Leave a comment and share with your friends!!
---------------------------------------------
Copyright: let me know!
---------------------------------------------
#f1 #formula1 #f1retro #gp #grandprixdrivers #grandprix #motorsport #Ferrari #ayrtonsenna #senna #gerhardberger #berger #1991 #australiangp #australaingrandprix #mclarenmp46 #mclaren"
48,11,"Alright alright, the Venenoâ€™s $4,000,000+ price tag is way to exaggerating but it truly is a collectorâ€™s car. Design is just way too futuristic and for those geniuses who bought it as an investment ... Kudos to you ğŸ‘

Which color would you customize the Lamborghini Veneno ? ğŸ¤”
.
.
.
.
.
________________________________________
**NOTE** We do not own any of the photos but we do all the editing. Please let us know if you own any of the photos and we will take down the post if requested by the owner
.
.
.
.
.
#car #cars #carsofinstagram #engine_heads #beast #fast #supercars #performance #new #carswithoutlimits #photoshop #sports #carstagram #super #2021 #race #coupe #italy #awd #italian #lamborghini #veneno #aventador #ferrari #mclaren #maserati #porsche #luxury #exclusive"
49,67,"â€œVengo dopo il GPâ€ N2 â€“ Imola: Ferrari, migliorata in grande misura la correlazione tra pista e simulatore. Lâ€™analisi post gara a cura di @piggeiii e @giulyduchessa Ã¨ ora online sul sito. Link in bio. 

#motorsport #formula1 #f1 #formu1auno #ferrari #sf21 #sainz #leclerc #imola #imolagp"
50,1,#Ferrari #sp2
51,2,#ferrari #ferraricalifornia #ferraricaliforniat #hypercars #carlovers #convertible #yellowhorse #carlovers #supercarsdaily700 #itswhitenoise #ferrariindia #ferrarimumbai #hyderabadsupercars #petrolhead #ferrariworld #ferrarihyderabad #carsofinstagram #machinelovers
52,2,"Great cars donâ€™t last long! What a beautiful whip 
2008 Ferrari F430
..
..
..
..
#justsold #ferrari #f430 #redferrari #chicago #customer #work #cars #exoticcars #carsforsale #carsforinstagram #instagram #wow"
53,78,"19 Aprile 2021 â€¢â€¢â€¢â€¢â€¢â€¢â€¢â€¢â€¢â€¢â€¢â€¢â€¢â€¢â€¢â€¢â€¢â€¢â€¢â€¢â€¢â€¢â€¢â€¢â€¢â€¢â€¢â€¢â€¢â€¢â€¢â€¢â€¢â€¢â€¢â€¢â€¢â€¢â€¢â€¢
â“’ â“ â“ â“– â“¡ â“ â“£ â“¤ â“› â“ â“£ â“˜ â“ â“ â“¢
â€¢â€¢â€¢â€¢â€¢â€¢â€¢â€¢â€¢â€¢â€¢â€¢â€¢â€¢â€¢â€¢â€¢â€¢â€¢â€¢â€¢â€¢â€¢â€¢â€¢â€¢â€¢â€¢â€¢â€¢â€¢â€¢â€¢â€¢â€¢â€¢â€¢â€¢â€¢â€¢
- ğŸŒŸImola ğŸŒŸby  @luca_lino_ Visitate la sua splendida galleria!
â€¢â€¢â€¢â€¢â€¢â€¢â€¢â€¢â€¢â€¢â€¢â€¢â€¢â€¢â€¢â€¢â€¢â€¢â€¢â€¢â€¢â€¢â€¢â€¢â€¢â€¢â€¢â€¢â€¢â€¢â€¢â€¢â€¢â€¢â€¢â€¢â€¢â€¢â€¢â€¢
â—ˆ Admin: ğŸ‘‰ğŸ»antonardo â€¢â€¢â€¢â€¢â€¢â€¢â€¢â€¢â€¢â€¢â€¢â€¢â€¢â€¢â€¢â€¢â€¢â€¢â€¢â€¢â€¢â€¢â€¢â€¢â€¢â€¢â€¢â€¢â€¢â€¢â€¢â€¢â€¢â€¢â€¢â€¢â€¢â€¢â€¢â€¢
â—ˆ Follow â¡@vivoemiliaromagna
â—ˆ Tag â¡ #vivoemiliaromagna
#vivo_italia â€¢â€¢â€¢â€¢â€¢â€¢â€¢â€¢â€¢â€¢â€¢â€¢â€¢â€¢â€¢â€¢â€¢â€¢â€¢â€¢â€¢â€¢â€¢â€¢â€¢â€¢â€¢â€¢â€¢â€¢â€¢â€¢â€¢â€¢â€¢â€¢â€¢â€¢â€¢â€¢
â›”ï¸ N O  W E B  P I C S â›”ï¸
ğŸ’¡Tagga solo foto scattate da te, grazie.
â€¢â€¢â€¢â€¢â€¢â€¢â€¢â€¢â€¢â€¢â€¢â€¢â€¢â€¢â€¢â€¢â€¢â€¢â€¢â€¢â€¢â€¢â€¢â€¢â€¢â€¢â€¢â€¢â€¢â€¢â€¢â€¢â€¢â€¢â€¢â€¢â€¢â€¢â€¢â€¢
#bologna #freccetricolori #freccetricoloreâœˆï¸ğŸ‡®ğŸ‡¹ #emiliaromagna #italy #formula1 #gp #ferrari
#gpemiliaromagna #cittaÌ€ #formulaone #imola #gpsanmarino #architecture #aerei #freccetricolore #instaitalia #europe #igworldclub #igeurope #scuderiaferrari #italia365 #italia"
54,30,"SOLD! Another amazing and happy referred client of @theperrygroupllc ğŸ™ğŸ¼ I cannot say it enough... The way you treat your clients and the experience that you provide, will really set you apart from others... and more will followğŸ™ğŸ¼

Thank you @ent_mgt for the opportunity to not only find you the exact car you wanted, but the opportunity to create an experience that you will rememberğŸ™ğŸ¼

www.theperrygroupllc.com

#theperrygroupllc
#ferrari 
#ferrari812 
#ferrarisuperfast 
#ferrari812superfast 
#coupe 
#exoticcars 
#luxury 
#luxurylifestyle 
#sold 
#repost"
55,2,"Brembo 97-04 Chevrolet Corvette Front 6-Piston Monoblock | 355x32 mm (14"") | 2-Piece Discs Drilled or Slotted
Product Description:
(F) 6-Piston Monobloc Calipers | 355x32mm (14') 2-Piece Discs | Complete Axle Set | Pre-Assembled | All Necessary Hardware Included
Caliper
Caliper Body: Cast Monobloc Radial Mount
Caliper Piston Configuration: 6-Piston
Caliper Piston Design And Insert Type: Inner Pressure Seal / OEM Approved Dust Boot
Disc
Disc Type:
Cross Drilled
Slotted
Type 3
Disc Material/Finish: Advanced High Carbon Alloy / Corrosion Resistant Plating
Disc Diameter: 355mm
Disc Width (Measurement): 32mm
Disc Air Gap (Measurement): 16mm
Disc Annulus (Measurement): 54mm
Disc Construction: 2-Piece Disc Assembly
Disc Vane Design (Measurement): Vented Curved 48 Vane
Disc To Hat Mounting System: Floating D-Bobbin with Anti Rattle Spring
Friction Material
Pad Compound: Brembo High Performance FM1000
Pad Volume / Surface Area: 94.5 | 84
Included Hardware
Brake Lines: Proprietary Brembo Stainless Steel Braided Brake Lines by Goodridge
Mounting Hardware: Brembo Engineered CNC Billet Caliper Adapters - All Necessary Hardware Included For Ease of Installation
*Note for replacement and upgraded pads (PADS)
https://www.xplosiveperformance.com/1M1.8013A97-04CorvetteFront6-PistonMonoblock355x32mm142-PieceDiscsDrilledorSlotted
 
https://www.xplosiveperformance.com/Brake-Kits_c_6576.html

#racecar #racecars #racecarwiring #racecarparts #carparts #fastcars #fastcarsonly #supercharger #motorsports #motorsport #orlandosmallbusiness #smallbusiness #floridasmallbusiness #floridaracing #corvette #audi #ferrari #porsche #bmw #carengineering #carengine #mercedesbenz #mercedes"
56,7,"Details Matterâ¤ï¸#PhantomVIII
RollsroyceFandom â˜… ğ˜¿ğ™¤ğ™¥ğ™š ğ™¤ğ™§ ğ™‰ğ™¤ğ™¥ğ™š!?
________________________________________________
 ğŸ”¹ Follow For Moreâ© @Rollsroycefandom â„¢ ğŸ”¹
 ğŸ”¸ Follow For Moreâ© @Rollsroycefandom â„¢ ğŸ”¸
 ğŸ”¹ Follow For Moreâ© @Rollsroycefandom â„¢ ğŸ”¹
.
.
Use ğ™ğ™¤ğ™¡ğ™¡ğ™¨ğ™§ğ™¤ğ™®ğ™˜ğ™šğ™ğ™–ğ™£ğ™™ğ™¤ğ™¢ to Get FeatureğŸ–¤âœ¨
.
ğŸ“³ Daily ğ™ğ™ Contents
.
.
.
.
.
#Rollsroyce #Rollsroycars #RollsroyceGhost #RollsroycePhantom #RollsroyceDawn #RollsroyceWraith #RollsroyceCullinan #Amazingcars247 #Exoticcars #Carswithoutlimits #Black #Rangerover #Bentley #Ferrari #Instagood #Bmw #Car #Cars #Mercedes #Manchester #Photooftheday #Luxury #Europe #Uae #Carphotography #Carlovers #RR #Blacklove
.
ğŸ“¸ @platinum_group"
57,51,"Ù„Ù„Ø¨ÙŠØ¹ ÙÙŠ ğŸ‡´ğŸ‡²
Ù…ÙˆØ³ØªØ§Ù†Ø¬ 5.0
Ø®Ù„ÙŠØ¬ÙŠ ÙˆÙƒØ§Ù„Ø© Ø¹Ù…Ø§Ù†
Ù…ÙˆØ¯ÙŠÙ„ 2016
Ø§Ù„Ø¬ÙŠØ± Ø§ÙˆØªÙˆÙ…Ø§ØªÙŠÙƒ
Ù…Ø§Ø´ÙŠ ÙÙ‚Ø· 40 Ø§Ù„Ù ÙƒÙŠÙ„Ùˆ
Ø¨Ø¯ÙˆÙ† Ø§Ù„Ø±Ù‚Ù…
Ø§Ù„Ù…ÙˆØªØ± Ø¨Ø¯ÙˆÙ† Ø­ÙˆØ§Ø¯Ø«
Ø§Ù„Ù…ÙˆØªØ± Ø´Ø¨Ù‡ Ø¬Ø¯ÙŠØ¯ 
Ø§Ù„Ø³ÙŠØ§Ø±Ø© ÙÙŠ Ø³Ù„Ø·Ù†Ø© Ø¹Ù…Ø§Ù† (( Ù…Ø³Ù‚Ø·)) ğŸ‡´ğŸ‡²

============================

Ø§Ù„Ø³Ø¹Ø± ğŸ’°

Ù©.Ù¦Ù Ù  Ø§Ù„Ù Ø¯ÙŠÙ†Ø§Ø± ØªÙ‚Ø±ÙŠØ¨Ø§ ğŸ‡°ğŸ‡¼
 Ù¡Ù¢.Ù¢Ù Ù  Ø§Ù„Ù Ø±ÙŠØ§Ù„ ØªÙ‚Ø±ÙŠØ¨Ø§ğŸ‡´ğŸ‡²
Ù¡Ù¡Ù¨.Ù¦Ù Ù  Ø§Ù„Ù Ø±ÙŠØ§Ù„ ØªÙ‚Ø±ÙŠØ¨Ø§ ğŸ‡¸ğŸ‡¦
 Ù¡Ù¡Ù¦.Ù¡Ù Ù   Ø§Ù„Ù Ø¯Ø±Ù‡Ù… ØªÙ‚Ø±ÙŠØ¨Ø§ ğŸ‡¦ğŸ‡ª
Ù¡Ù¢ Ø§Ù„Ù Ø¯ÙŠÙ†Ø§Ø± ØªÙ‚Ø±ÙŠØ¨Ø§ğŸ‡§ğŸ‡­
Ù¡Ù¡Ù¥.Ù¥Ù Ù  Ø§Ù„Ù Ø±ÙŠØ§Ù„ ØªÙ‚Ø±ÙŠØ¨Ø§ ğŸ‡¶ğŸ‡¦
Ù£Ù¡.Ù§Ù Ù  Ø§Ù„Ù Ø¯ÙˆÙ„Ø§Ø± ØªÙ‚Ø±ÙŠØ¨Ø§ğŸ‡ºğŸ‡¸

============================

Ù„Ù„Ø§Ø³ØªÙØ³Ø§Ø± ğŸ“²
0096895030218
Ù„Ù„Ø¬Ø§Ø¯ÙŠÙ†  ÙŠØ§ Ø§Ø®ÙˆØ§Ù† 

============================

â€â€â€â€â€â€â€â€â›”ï¸ ØªÙ†Ø¨ÙŠÙ‡ ÙŠØ§ Ø§Ø®ÙˆØ§Ù† â›”ï¸

â€â€â€â€â€â€â€â€Ø§Ù„Ø­Ø³Ø§Ø¨ ØºÙŠØ± Ù…Ø³ÙˆÙ”ÙˆÙ„ Ø¹Ù† Ø¹Ù…Ù„ÙŠØ© Ø§Ù„Ø¨ÙŠØ¹ Ùˆ Ø§Ù„Ø´Ø±Ø§Ø¡ Ø§Ù„ØªÙŠ ØªØªÙ… Ø¨ÙŠÙ† Ø§Ù„Ø·Ø±ÙÙŠÙ† ( Ø§Ù„Ø´Ø§Ø±ÙŠ Ùˆ Ø§Ù„Ø¨Ø§ÙŠÙ”Ø¹ ) ØŒ Ø§Ù„Ø­Ø³Ø§Ø¨  Ù…Ø¬Ø±Ø¯ ( Ù…Ø¹Ù„Ù† ÙÙ‚Ø· ) Ùˆ Ù„Ø§ ØªØªÙˆÙØ± Ø¹Ù†Ø¯Ù‡ Ù…Ø¹Ù„ÙˆÙ…Ø§Øª Ø¹Ù† Ø­Ø§Ù„Ø© Ø§Ù„Ø³ÙŠØ§Ø±Ø© ØŒ  Ù„Ù…Ø²ÙŠØ¯ Ù…Ù† Ø§Ù„ØªÙØ§ØµÙŠÙ„ ØªÙˆØ§ØµÙ„ Ù…Ø¹ Ø±Ø§Ø¹ÙŠ Ø§Ù„Ù…Ø±ÙƒØ¨Ø© Ø¹Ù† Ø·Ø±ÙŠÙ‚ Ø±Ù‚Ù… Ø§Ù„Ù‡Ø§ØªÙ Ø§Ù„Ù…ÙˆØ¬ÙˆØ¯ Ø¨Ø§Ù„Ø§Ø¹Ù„Ø§Ù†  Ùˆ Ø§ÙØ­Øµ Ø§Ù„Ù…ÙˆØªØ± Ùˆ  Ùˆ ØªØ§Ù”ÙƒØ¯ Ù…Ù† ÙƒÙ„ Ø´ÙŠ Ùˆ Ø§Ù„Ù„Ù‡ ÙŠÙˆÙÙ‚ Ø§Ù„Ø¬Ù…ÙŠØ¹

==================

â€â€â€â€â€â€â€â€â€â€#kuwait_exhaust #exhaust  #corvette #hellcat #turbo #camaro  #corsa #racing  #amg #mustang #z06 #hellcat  #shelby  #GT500  #gtr #ferrari â€â€â€#ÙƒÙ…Ø§Ø±Ùˆ #ÙƒÙˆØ±ÙØª  #Ø´ÙŠÙ„Ø¨ÙŠ #ÙƒÙˆÙŠØª_Ø§Ù‚Ø²ÙˆØ² #Ù…ÙˆØ³ØªÙ†Ø¬  #Ø§Ù„ÙƒÙˆÙŠØª #Ø§Ø³Ù…Ø¹_ÙŠØ§_Ø§Ù„Ø­Ø¨ÙŠØ¨ #Ø§Ù„Ø¨Ø­Ø±ÙŠÙ†  #Ø§Ù„Ø³Ø¹ÙˆØ¯ÙŠØ©  #Ø§Ù„Ø§Ù…Ø§Ø±Ø§Øª  #Ø³Ù„Ø·Ù†Ø©_Ø¹Ù…Ø§Ù†  #Ù‚Ø·Ø± #Ù„Ù„Ø¨ÙŠØ¹  #Ù„Ù„Ø¨ÙŠØ¹_Ø³ÙŠØ§Ø±Ø§Øª #Ø³ÙŠØ§Ø±Ø§Øª_Ø§Ù„Ø®Ù„ÙŠØ¬"
58,1,"#ferrari
#Autoestereo mis 
Invitados especiales a cabina y Control remoto, buen recuerdo, â˜ï¸hablar de autos, se va el reloj.ğŸ˜"
59,55,Ferrari SF90 Stradale â€¢ @don_huayra #ferrari #ferrarisf90 ğŸ˜±ğŸ¤¤ğŸ¤¤
60,37,that some ğŸ’£ definition & the perfect curves. ğŸ§²ğŸ”¥ğŸ§¨ #mclaren #fastcars #sexy #beastmode #ferrari #lamborghini #liveyourbestlife
61,30,"Detail. [2]

â€Ferrari Testarossaâ€ â € â €
â € â €
Acrylic on canvas board.â €
40 x 50 cm. â € â €
2021.

â €
 
 â €
 

 
â €
 
 â €
 

#acrylicpainting #youngpolishartist #acrylic #art #artcollection #ferrari #testarossa #artcollector #artistsoninstagram #artforsale #polishcreators #polskasztuka #artgallery #obraz #abstractart #automotive #popartpainting #classiccars #motoryzacja #obrazynasprzedazÌ‡ #carpainting #popartist #popart #ferraritestarossa #italiancars #ferrariclub #interiors #miamivice"
62,62,"Detail. [1]

â€Ferrari Testarossaâ€ â € â €
â € â €
Acrylic on canvas board.â €
40 x 50 cm. â € â €
2021.

â €
 
 â €
 

 
â €
 
 â €
 

#acrylicpainting #youngpolishartist #acrylic #art #artcollection #ferrari #testarossa #artcollector #artistsoninstagram #artforsale #polishcreators #polskasztuka #artgallery #obraz #abstractart #automotive #popartpainting #classiccars #motoryzacja #obrazynasprzedazÌ‡ #carpainting #popartist #popart #ferraritestarossa #italiancars #ferrariclub #interiors #miamivice"
63,102,"Ferrari Testarossa. â € â € â €
 
Acrylic on canvas board.â €
40 x 50 cm. â € â €
2021.

 
FOR SALE.â €
 
 â €
 

 
â €
 
 â €
 

#acrylicpainting #youngpolishartist #acrylic #art #artcollection #ferrari #testarossa #artcollector #artistsoninstagram #artforsale #polishcreators #polskasztuka #artgallery #obraz #abstractart #automotive #popartpainting #classiccars #motoryzacja #obrazynasprzedazÌ‡ #carpainting #popartist #popart #ferraritestarossa #italiancars #ferrariclub #interiors #miamivice"
